Allocation ID,Registration Type,Record ID,Member Index,Delegate Name,Email Address,Phone Number,Institution / Delegation,College Name,Delegate Category,Delegation Name,Allocated Committee,Allocated Portfolio,Session Chamber,WhatsApp Community Link,Hub Pass URL,QR Badge Path,Allocation Status,Registration Status
"IND-47","Individual","47","0","Shreekant Sanghi","shreekantsanghi24aiml@rnsit.ac.in","7568298793","RNS Institute of Technology","RNS Institute of Technology","Internal (RNSIT)","Individual","Lok Sabha","Chirag Paswan","Central Plenary Hall • Chanakya Block","https://chat.whatsapp.com/BA9IXk3MU8c6oEH69noPf5","https://mun.rnsit.ac.in/hub?t=01SkYapVuOXYoI","/qrs/individual_delegates/IND-47_Shreekant_Sanghi.png","Confirmed","Confirmed"
"IND-49","Individual","49","0","Rusheel Bhargav NM","bhargavrusheel24@gmail.com","9972265326","NATIONAL LAW SCHOOL OF INDIA UNIVERSITY","NATIONAL LAW SCHOOL OF INDIA UNIVERSITY","External","Individual","DISEC","Poland","Committee Room 204 • Civil Seminar Hall","https://chat.whatsapp.com/ChdeFdrcg0U88lUuaMLrI2","https://mun.rnsit.ac.in/hub?t=01SkYaq3m8rwPH","/qrs/individual_delegates/IND-49_Rusheel_Bhargav_NM.png","Confirmed","Confirmed"
"IND-50","Individual","50","0","Mayur Navaratna","manasa.nm@gmail.com","9108418248","RNS Institute of Technology","RNS Institute of Technology","Internal (RNSIT)","Individual","UNSC","Rwanda","Council Chamber • MBA Seminar Hall (2nd Floor)","https://chat.whatsapp.com/LSB4bvcexqoK3JkmQyYqCx","https://mun.rnsit.ac.in/hub?t=01SkYaqKk62PH0","/qrs/individual_delegates/IND-50_Mayur_Navaratna.png","Confirmed","Confirmed"
"IND-51","Individual","51","0","Ayush Kumar","ayushkumarrk1958@gmail.com","7061118560","RNS Institute of Technology","RNS Institute of Technology","Internal (RNSIT)","Individual","DISEC","Malaysia","Committee Room 204 • Civil Seminar Hall","https://chat.whatsapp.com/ChdeFdrcg0U88lUuaMLrI2","https://mun.rnsit.ac.in/hub?t=01SkYaqvCyxSwz","/qrs/individual_delegates/IND-51_Ayush_Kumar.png","Confirmed","Confirmed"
"IND-56","Individual","56","0","Sankalp C Pai","sankalpcpai25cy@rnsit.ac.in","9902514196","RNS Institute of Technology","RNS Institute of Technology","Internal (RNSIT)","Individual","Lok Sabha","Bandi Sanjay Kumar","Central Plenary Hall • Chanakya Block","https://chat.whatsapp.com/BA9IXk3MU8c6oEH69noPf5","https://mun.rnsit.ac.in/hub?t=01SkYasVk4UtSc","/qrs/individual_delegates/IND-56_Sankalp_C_Pai.png","Confirmed","Confirmed"
"IND-57","Individual","57","0","Priyanshu Jha","priyanshudevs26@gmail.com","9953722652","RNS Institute of Technology","RNS Institute of Technology","Internal (RNSIT)","Individual","Lok Sabha","Dayanidhi Maran","Central Plenary Hall • Chanakya Block","https://chat.whatsapp.com/BA9IXk3MU8c6oEH69noPf5","https://mun.rnsit.ac.in/hub?t=01SkYaslH9w1bY","/qrs/individual_delegates/IND-57_Priyanshu_Jha.png","Confirmed","Confirmed"
"IND-59","Individual","59","0","Mayank Kubsad","kubsadmayank02082008@gmail.com","9035756337","RNS Institute of Technology","RNS Institute of Technology","Internal (RNSIT)","Individual","UNHRC","Iraq","Committee Room 102 • Mech Seminar Hall","https://chat.whatsapp.com/Kqgvxt2yVwsGGDcWAaC1sC","https://mun.rnsit.ac.in/hub?t=01SkYatJf9UQgJ","/qrs/individual_delegates/IND-59_Mayank_Kubsad.png","Confirmed","Confirmed"
"IND-60","Individual","60","0","Gourav","gahlawatgourav439@gmail.com","7082673580","RNS Institute of Technology","RNS Institute of Technology","Internal (RNSIT)","Individual","UNHRC","Republic of Estonia","Committee Room 102 • Mech Seminar Hall","https://chat.whatsapp.com/Kqgvxt2yVwsGGDcWAaC1sC","https://mun.rnsit.ac.in/hub?t=01SkYatbq3OArG","/qrs/individual_delegates/IND-60_Gourav.png","Confirmed","Confirmed"
"IND-75","Individual","75","0","Moogambika A","moogambika.official@gmail.com","8056640488","Alliance University","Alliance University","External","Individual","UNSC","Yemen","Council Chamber • MBA Seminar Hall (2nd Floor)","https://chat.whatsapp.com/LSB4bvcexqoK3JkmQyYqCx","https://mun.rnsit.ac.in/hub?t=01SkYayCJhDtA9","/qrs/individual_delegates/IND-75_Moogambika_A.png","Confirmed","Confirmed"
"IND-81","Individual","81","0","Sai Lochan N","sailochan8@gmail.com","7353473569","Alliance University","Alliance University","External","Individual","DISEC","Ukraine","Committee Room 204 • Civil Seminar Hall","https://chat.whatsapp.com/ChdeFdrcg0U88lUuaMLrI2","https://mun.rnsit.ac.in/hub?t=01SkYb0G8k9qQz","/qrs/individual_delegates/IND-81_Sai_Lochan_N.png","Confirmed","Confirmed"
"IND-82","Individual","82","0","Nandini Bhatt","nandinibhatt423@gmail.com","8951167700","RNS Institute of Technology","RNS Institute of Technology","Internal (RNSIT)","Individual","UNHRC","Slovenia","Committee Room 102 • Mech Seminar Hall","https://chat.whatsapp.com/Kqgvxt2yVwsGGDcWAaC1sC","https://mun.rnsit.ac.in/hub?t=01SkYb0cgNRCYj","/qrs/individual_delegates/IND-82_Nandini_Bhatt.png","Confirmed","Confirmed"
"IND-84","Individual","84","0","Mohammed Aayan","aayanmohammed341@gmail.com","7019673900","Dayananda Sagar Academy of Technology and Management","Dayananda Sagar Academy of Technology and Management","External","Individual","DISEC","Argentina","Committee Room 204 • Civil Seminar Hall","https://chat.whatsapp.com/ChdeFdrcg0U88lUuaMLrI2","https://mun.rnsit.ac.in/hub?t=01SkYb17SlO0UX","/qrs/individual_delegates/IND-84_Mohammed_Aayan.png","Confirmed","Confirmed"
"IND-85","Individual","85","0","Aditi G","aditig752008@gmail.com","9180226296","RNS Institute of Technology","RNS Institute of Technology","Internal (RNSIT)","Individual","Lok Sabha","Saugata Roy","Central Plenary Hall • Chanakya Block","https://chat.whatsapp.com/BA9IXk3MU8c6oEH69noPf5","https://mun.rnsit.ac.in/hub?t=01SkYb1SWMlJsO","/qrs/individual_delegates/IND-85_Aditi_G.png","Confirmed","Confirmed"
"IND-86","Individual","86","0","Aditya Kumar","adityakumar80049@gmail.com","8318195890","RNS Institute of Technology","RNS Institute of Technology","Internal (RNSIT)","Individual","Lok Sabha","Sarbananda Sonowal","Central Plenary Hall • Chanakya Block","https://chat.whatsapp.com/BA9IXk3MU8c6oEH69noPf5","https://mun.rnsit.ac.in/hub?t=01SkYb1osyEJb6","/qrs/individual_delegates/IND-86_Aditya_Kumar.png","Confirmed","Confirmed"
"IND-87","Individual","87","0","Charith G","charithgs2008@gmail.com","7019623366","RNS Institute of Technology","RNS Institute of Technology","Internal (RNSIT)","Individual","Lok Sabha","T R Baalu","Central Plenary Hall • Chanakya Block","https://chat.whatsapp.com/BA9IXk3MU8c6oEH69noPf5","https://mun.rnsit.ac.in/hub?t=01SkYb1v3zHpDD","/qrs/individual_delegates/IND-87_Charith_G.png","Confirmed","Confirmed"
"IND-88","Individual","88","0","Haniel Samson A","itzhanielsamson@gmail.com","9655142195","Christ (Deemed to be University)","Christ (Deemed to be University)","External","Individual","UNHRC","Kingdom of Spain","Committee Room 102 • Mech Seminar Hall","https://chat.whatsapp.com/Kqgvxt2yVwsGGDcWAaC1sC","https://mun.rnsit.ac.in/hub?t=01SkYb2J2zThkq","/qrs/individual_delegates/IND-88_Haniel_Samson_A.png","Confirmed","Confirmed"
"IND-89","Individual","89","0","Arsh Saxena","arshsaxena168@gmail.com","6396689873","DSATM BANGALORE","DSATM BANGALORE","External","Individual","UNODC","Republic of the Philippines","Committee Room 301 • ECE Seminar Hall","https://chat.whatsapp.com/IcgBAXEcbO8F9UCf0DiFJm","https://mun.rnsit.ac.in/hub?t=01SkYb2XVGXcdU","/qrs/individual_delegates/IND-89_Arsh_Saxena.png","Confirmed","Confirmed"
"IND-93","Individual","93","0","Gouravi Nayak","nayakgouravigagan@gmail.com","7019959659","Dayanand Sagar Academy Of Technology And Management","Dayanand Sagar Academy Of Technology And Management","External","Individual","Lok Sabha","Dharmendra Pradhan","Central Plenary Hall • Chanakya Block","https://chat.whatsapp.com/BA9IXk3MU8c6oEH69noPf5","https://mun.rnsit.ac.in/hub?t=01SkYb3raAZS2D","/qrs/individual_delegates/IND-93_Gouravi_Nayak.png","Confirmed","Confirmed"
"IND-95","Individual","95","0","Eshaan Hebbar","eshaanhebbar.2008@gmail.com","9920138442","RNS Institute of Technology","RNS Institute of Technology","Internal (RNSIT)","Individual","DISEC","State of Israel","Committee Room 204 • Civil Seminar Hall","https://chat.whatsapp.com/ChdeFdrcg0U88lUuaMLrI2","https://mun.rnsit.ac.in/hub?t=01SkYb4cYFpGuu","/qrs/individual_delegates/IND-95_Eshaan_Hebbar.png","Confirmed","Confirmed"
"IND-97","Individual","97","0","GARGI MOHAN","gargimohan27@gmail.com","8340782602","RNS Institute of Technology","RNS Institute of Technology","Internal (RNSIT)","Individual","UNODC","Austria","Committee Room 301 • ECE Seminar Hall","https://chat.whatsapp.com/IcgBAXEcbO8F9UCf0DiFJm","https://mun.rnsit.ac.in/hub?t=01SkYb5GwZXbYa","/qrs/individual_delegates/IND-97_GARGI_MOHAN.png","Confirmed","Confirmed"
"IND-98","Individual","98","0","Chethana M.L","chethanamathr@gmail.com","9481003855","RNS Institute of Technology","RNS Institute of Technology","Internal (RNSIT)","Individual","UNODC","Italy","Committee Room 301 • ECE Seminar Hall","https://chat.whatsapp.com/IcgBAXEcbO8F9UCf0DiFJm","https://mun.rnsit.ac.in/hub?t=01SkYb5SJQqUkM","/qrs/individual_delegates/IND-98_Chethana_M_L.png","Confirmed","Confirmed"
"IND-99","Individual","99","0","Satvik  G","satvikg2026@gmail.com","8123701905","RNS Institute of Technology","RNS Institute of Technology","Internal (RNSIT)","Individual","Lok Sabha","Rajiv Ranjan Singh","Central Plenary Hall • Chanakya Block","https://chat.whatsapp.com/BA9IXk3MU8c6oEH69noPf5","https://mun.rnsit.ac.in/hub?t=01SkYb5qxa0Lm0","/qrs/individual_delegates/IND-99_Satvik__G.png","Confirmed","Confirmed"
"IND-110","Individual","110","0","Hajira Tamanna M H","tamannahajira777@gmail.com","7676226678","Don Bosco Institute Of Technology","Don Bosco Institute Of Technology","External","Individual","IP","The Hindu","Press Bureau & Media Lab • Academic Block 1","https://chat.whatsapp.com/Id2vun9PhQhGlRFTQZKoZm","https://mun.rnsit.ac.in/hub?t=01SkYb9AFU1iFF","/qrs/individual_delegates/IND-110_Hajira_Tamanna_M_H.png","Confirmed","Confirmed"
"IND-113","Individual","113","0","Mukund S BELAWADI","mukundbelawadi@gmail.com","7892311234","RNS Institute of Technology","RNS Institute of Technology","Internal (RNSIT)","Individual","DISEC","UAE","Committee Room 204 • Civil Seminar Hall","https://chat.whatsapp.com/ChdeFdrcg0U88lUuaMLrI2","https://mun.rnsit.ac.in/hub?t=01SkYbA6t356e6","/qrs/individual_delegates/IND-113_Mukund_S_BELAWADI.png","Confirmed","Confirmed"
"IND-115","Individual","115","0","K S Bhavin","bhavinsrikant@gmail.com","9611549352","RNS Institute of Technology","RNS Institute of Technology","Internal (RNSIT)","Individual","DISEC","Mexico","Committee Room 204 • Civil Seminar Hall","https://chat.whatsapp.com/ChdeFdrcg0U88lUuaMLrI2","https://mun.rnsit.ac.in/hub?t=01SkYbAm641rWE","/qrs/individual_delegates/IND-115_K_S_Bhavin.png","Confirmed","Confirmed"
"IND-116","Individual","116","0","Siddharth M","sidd072k6@gmail.com","9019068759","RNS Institute of Technology","RNS Institute of Technology","Internal (RNSIT)","Individual","UNHRC","Republic of Korea","Committee Room 102 • Mech Seminar Hall","https://chat.whatsapp.com/Kqgvxt2yVwsGGDcWAaC1sC","https://mun.rnsit.ac.in/hub?t=01SkYbB9HnyBaf","/qrs/individual_delegates/IND-116_Siddharth_M.png","Confirmed","Confirmed"
"IND-117","Individual","117","0","Poojitha Pujari","pujaripoojitha11@gmail.com","6302190997","dayananda Sagar Academy of technology and management","dayananda Sagar Academy of technology and management","External","Individual","UNODC","Federal Republic of Germany","Committee Room 301 • ECE Seminar Hall","https://chat.whatsapp.com/IcgBAXEcbO8F9UCf0DiFJm","https://mun.rnsit.ac.in/hub?t=01SkYbBLYFGWBn","/qrs/individual_delegates/IND-117_Poojitha_Pujari.png","Confirmed","Confirmed"
"IND-118","Individual","118","0","Gayathri Kasiraja","gayathrikasiraja7@gmail.com","9036925580","Dayananda Sagar Academy Of Technology","Dayananda Sagar Academy Of Technology","External","Individual","UNODC","UK","Committee Room 301 • ECE Seminar Hall","https://chat.whatsapp.com/IcgBAXEcbO8F9UCf0DiFJm","https://mun.rnsit.ac.in/hub?t=01SkYbBZhb7vbF","/qrs/individual_delegates/IND-118_Gayathri_Kasiraja.png","Confirmed","Confirmed"
"IND-119","Individual","119","0","Namratha G","namratha.1823@gmail.com","8747938415","RNS First Grade College","RNS First Grade College","Internal (RNSIT)","Individual","UNSC","Libya","Council Chamber • MBA Seminar Hall (2nd Floor)","https://chat.whatsapp.com/LSB4bvcexqoK3JkmQyYqCx","https://mun.rnsit.ac.in/hub?t=01SkYbC6TPj23g","/qrs/individual_delegates/IND-119_Namratha_G.png","Confirmed","Confirmed"
"IND-124","Individual","124","0","Debangshu Som","debangshucontact@gmail.com","9098988300","RNS Institute of Technology","RNS Institute of Technology","Internal (RNSIT)","Individual","UNHRC","Bolivia","Committee Room 102 • Mech Seminar Hall","https://chat.whatsapp.com/Kqgvxt2yVwsGGDcWAaC1sC","https://mun.rnsit.ac.in/hub?t=01SkYbDe0xgyI0","/qrs/individual_delegates/IND-124_Debangshu_Som.png","Confirmed","Confirmed"
"IND-125","Individual","125","0","Riya B Patel","riyabpatel25cs@rnsit.ac.in","9663402308","RNS Institute of Technology","RNS Institute of Technology","Internal (RNSIT)","Individual","UNODC","Kingdom of Belgium","Committee Room 301 • ECE Seminar Hall","https://chat.whatsapp.com/IcgBAXEcbO8F9UCf0DiFJm","https://mun.rnsit.ac.in/hub?t=01SkYbDmWjV2X2","/qrs/individual_delegates/IND-125_Riya_B_Patel.png","Confirmed","Confirmed"
"IND-128","Individual","128","0","Pavani R","pavaniraghu537@gmail.com","7676093364","RNS Institute of Technology","RNS Institute of Technology","Internal (RNSIT)","Individual","UNODC","Kingdom of the Netherlands","Committee Room 301 • ECE Seminar Hall","https://chat.whatsapp.com/IcgBAXEcbO8F9UCf0DiFJm","https://mun.rnsit.ac.in/hub?t=01SkYbEl2ijyB8","/qrs/individual_delegates/IND-128_Pavani_R.png","Confirmed","Confirmed"
"IND-129","Individual","129","0","G Gautham Vas","g.gauthamvas@gmail.com","9945613706","Cmrit","Cmrit","External","Individual","DISEC","Ireland","Committee Room 204 • Civil Seminar Hall","https://chat.whatsapp.com/ChdeFdrcg0U88lUuaMLrI2","https://mun.rnsit.ac.in/hub?t=01SkYbFE7L9zXK","/qrs/individual_delegates/IND-129_G_Gautham_Vas.png","Confirmed","Confirmed"
"IND-131","Individual","131","0","Annika Chourasia","annikachourasia@gmail.com","7975220160","RV University","RV University","External","Individual","UNODC","Brazil","Committee Room 301 • ECE Seminar Hall","https://chat.whatsapp.com/IcgBAXEcbO8F9UCf0DiFJm","https://mun.rnsit.ac.in/hub?t=01SkYbFoBhf8pV","/qrs/individual_delegates/IND-131_Annika_Chourasia.png","Confirmed","Confirmed"
"IND-133","Individual","133","0","Vibha S","vibhashashi1@gmail.com","7353655556","RNS Institute of Technology","RNS Institute of Technology","Internal (RNSIT)","Individual","UNHRC","Kenya","Committee Room 102 • Mech Seminar Hall","https://chat.whatsapp.com/Kqgvxt2yVwsGGDcWAaC1sC","https://mun.rnsit.ac.in/hub?t=01SkYbGOBsJvAE","/qrs/individual_delegates/IND-133_Vibha_S.png","Confirmed","Confirmed"
"IND-134","Individual","134","0","Rishi Dulhani","rishidulhani7070@gmail.com","9096780763","D.Y. Patil School of Engineering & Managment","D.Y. Patil School of Engineering & Managment","External","Individual","UNODC","Finland","Committee Room 301 • ECE Seminar Hall","https://chat.whatsapp.com/IcgBAXEcbO8F9UCf0DiFJm","https://mun.rnsit.ac.in/hub?t=01SkYbGmRKL4oS","/qrs/individual_delegates/IND-134_Rishi_Dulhani.png","Confirmed","Confirmed"
"IND-135","Individual","135","0","Saif Ahmed Shaik","saifshk2007@gmail.com","9632052705","RNS Institute of Technology","RNS Institute of Technology","Internal (RNSIT)","Individual","DISEC","Socialist Republic of Viet Nam","Committee Room 204 • Civil Seminar Hall","https://chat.whatsapp.com/ChdeFdrcg0U88lUuaMLrI2","https://mun.rnsit.ac.in/hub?t=01SkYbGsVvphJn","/qrs/individual_delegates/IND-135_Saif_Ahmed_Shaik.png","Confirmed","Confirmed"
"IND-136","Individual","136","0","Vinayak rao","vinayak6rao@gmail.com","8467093736","Alliance university","Alliance university","External","Individual","Lok Sabha","Kodikunnil Suresh","Central Plenary Hall • Chanakya Block","https://chat.whatsapp.com/BA9IXk3MU8c6oEH69noPf5","https://mun.rnsit.ac.in/hub?t=01SkYbHBylTQho","/qrs/individual_delegates/IND-136_Vinayak_rao.png","Confirmed","Confirmed"
"IND-137","Individual","137","0","Thanmayee Valekar","thanmayeevalekar445@gmail.com","7338317574","RNS Institute of Technology","RNS Institute of Technology","Internal (RNSIT)","Individual","UNODC","Grand Duchy of Luxembourg","Committee Room 301 • ECE Seminar Hall","https://chat.whatsapp.com/IcgBAXEcbO8F9UCf0DiFJm","https://mun.rnsit.ac.in/hub?t=01SkYbHYSEnGsc","/qrs/individual_delegates/IND-137_Thanmayee_Valekar.png","Confirmed","Confirmed"
"IND-138","Individual","138","0","Srishti Krishna","srishtisparkles@gmail.com","7760145153","Alliance University","Alliance University","External","Individual","UNHRC","Chile","Committee Room 102 • Mech Seminar Hall","https://chat.whatsapp.com/Kqgvxt2yVwsGGDcWAaC1sC","https://mun.rnsit.ac.in/hub?t=01SkYbHqNk9DEu","/qrs/individual_delegates/IND-138_Srishti_Krishna.png","Confirmed","Confirmed"
"IND-139","Individual","139","0","Varun Km","varunkm2020@gmail.com","9731882189","RNS Institute of Technology","RNS Institute of Technology","Internal (RNSIT)","Individual","UNODC","USA","Committee Room 301 • ECE Seminar Hall","https://chat.whatsapp.com/IcgBAXEcbO8F9UCf0DiFJm","https://mun.rnsit.ac.in/hub?t=01SkYbILPioDvS","/qrs/individual_delegates/IND-139_Varun_Km.png","Confirmed","Confirmed"
"IND-140","Individual","140","0","Ashish","ashishjitarwal@gmail.com","8861066040","Dayananada Sagar Academy of Technology and Management","Dayananada Sagar Academy of Technology and Management","External","Individual","DISEC","Russia","Committee Room 204 • Civil Seminar Hall","https://chat.whatsapp.com/ChdeFdrcg0U88lUuaMLrI2","https://mun.rnsit.ac.in/hub?t=01SkYbITXDowgh","/qrs/individual_delegates/IND-140_Ashish.png","Confirmed","Confirmed"
"IND-141","Individual","141","0","RASHMI M KABADI","rashmi.m.kabadi@gmail.com","9591936752","RNS Institute of Technology","RNS Institute of Technology","Internal (RNSIT)","Individual","UNHRC","DRC","Committee Room 102 • Mech Seminar Hall","https://chat.whatsapp.com/Kqgvxt2yVwsGGDcWAaC1sC","https://mun.rnsit.ac.in/hub?t=01SkYbIracX0Vq","/qrs/individual_delegates/IND-141_RASHMI_M_KABADI.png","Confirmed","Confirmed"
"IND-142","Individual","142","0","Chinmayi V Hegde","chinmayivhegde25ci@rnsit.ac.in","8431534438","RNS Institute of Technology","RNS Institute of Technology","Internal (RNSIT)","Individual","UNODC","Laos","Committee Room 301 • ECE Seminar Hall","https://chat.whatsapp.com/IcgBAXEcbO8F9UCf0DiFJm","https://mun.rnsit.ac.in/hub?t=01SkYbJ9ZFwIgO","/qrs/individual_delegates/IND-142_Chinmayi_V_Hegde.png","Confirmed","Confirmed"
"IND-149","Individual","149","0","Braghadeesh Ruban","braghadeesh190807@gmail.com","7092339204","Nttf","Nttf","External","Individual","Lok Sabha","Piyush Goyal","Central Plenary Hall • Chanakya Block","https://chat.whatsapp.com/BA9IXk3MU8c6oEH69noPf5","https://mun.rnsit.ac.in/hub?t=01SkYbLSfORd4J","/qrs/individual_delegates/IND-149_Braghadeesh_Ruban.png","Confirmed","Confirmed"
"IND-150","Individual","150","0","Aaruni Mohan Shastri","shastriaaruni@gmail.com","6362328147","PES University","PES University","External","Individual","UNHRC","Republic of India","Committee Room 102 • Mech Seminar Hall","https://chat.whatsapp.com/Kqgvxt2yVwsGGDcWAaC1sC","https://mun.rnsit.ac.in/hub?t=01SkYbLefHqGiK","/qrs/individual_delegates/IND-150_Aaruni_Mohan_Shastri.png","Confirmed","Confirmed"
"IND-151","Individual","151","0","Utkarsh Sachin Joshi","jutkarsh809@gmail.com","7769055540","RNS Institute of Technology","RNS Institute of Technology","Internal (RNSIT)","Individual","UNSC","Hashemite Kingdom of Jordan","Council Chamber • MBA Seminar Hall (2nd Floor)","https://chat.whatsapp.com/LSB4bvcexqoK3JkmQyYqCx","https://mun.rnsit.ac.in/hub?t=01SkYbLy62ZoTw","/qrs/individual_delegates/IND-151_Utkarsh_Sachin_Joshi.png","Confirmed","Confirmed"
"IND-153","Individual","153","0","Dhanush Prabhakaran","dhanushprabhakaran08@gmail.com","9108415859","RNS Institute of Technology","RNS Institute of Technology","Internal (RNSIT)","Individual","DISEC","New Zealand","Committee Room 204 • Civil Seminar Hall","https://chat.whatsapp.com/ChdeFdrcg0U88lUuaMLrI2","https://mun.rnsit.ac.in/hub?t=01SkYbMdivZY36","/qrs/individual_delegates/IND-153_Dhanush_Prabhakaran.png","Confirmed","Confirmed"
"IND-157","Individual","157","0","S Sivani","s.sivani@cmr.edu.in","9845259494","CMR University (School Of Legal Studies)","CMR University (School Of Legal Studies)","External","Individual","Lok Sabha","Harsimrat Kaur Badal","Central Plenary Hall • Chanakya Block","https://chat.whatsapp.com/BA9IXk3MU8c6oEH69noPf5","https://mun.rnsit.ac.in/hub?t=01SkYbNv6wr30e","/qrs/individual_delegates/IND-157_S_Sivani.png","Confirmed","Confirmed"
"IND-161","Individual","161","0","Siddhanth Jain","siddhanthj08@gmail.com","9945225797","RNS Institute of Technology","RNS Institute of Technology","Internal (RNSIT)","Individual","DISEC","Commonwealth of Australia","Committee Room 204 • Civil Seminar Hall","https://chat.whatsapp.com/ChdeFdrcg0U88lUuaMLrI2","https://mun.rnsit.ac.in/hub?t=01SkYbOzzUuhxn","/qrs/individual_delegates/IND-161_Siddhanth_Jain.png","Confirmed","Confirmed"
"IND-162","Individual","162","0","Luthf Riddhi Chhetri","luthfchhetri@gmail.com","8653264717","CMR University School Of Legal Studies","CMR University School Of Legal Studies","External","Individual","UNHRC","Japan","Committee Room 102 • Mech Seminar Hall","https://chat.whatsapp.com/Kqgvxt2yVwsGGDcWAaC1sC","https://mun.rnsit.ac.in/hub?t=01SkYbPIsEpe2k","/qrs/individual_delegates/IND-162_Luthf_Riddhi_Chhetri.png","Confirmed","Confirmed"
"IND-163","Individual","163","0","Bhargavi Gangoor","prasannayukthi@gmail.com","9945944055","RNS Institute of Technology","RNS Institute of Technology","Internal (RNSIT)","Individual","Lok Sabha","Tejasvi Surya (BJP)","Central Plenary Hall • Chanakya Block","https://chat.whatsapp.com/BA9IXk3MU8c6oEH69noPf5","https://mun.rnsit.ac.in/hub?t=01SkYbPnk06gZt","/qrs/individual_delegates/IND-163_Bhargavi_Gangoor.png","Confirmed","Confirmed"
"IND-165","Individual","165","0","Abhishek Choudhury","sneakgameryt@gmail.com","8974752254","Cmr University, School Of Legal Studies","Cmr University, School Of Legal Studies","External","Individual","DISEC","China","Committee Room 204 • Civil Seminar Hall","https://chat.whatsapp.com/ChdeFdrcg0U88lUuaMLrI2","https://mun.rnsit.ac.in/hub?t=01SkYbQG3AZ7CF","/qrs/individual_delegates/IND-165_Abhishek_Choudhury.png","Confirmed","Confirmed"
"IND-166","Individual","166","0","Mohamed Akeef","autochronicleswithakeef@gmail.com","9900291991","CMR university school of legal studies","CMR university school of legal studies","External","Individual","UNHRC","Italian Republic","Committee Room 102 • Mech Seminar Hall","https://chat.whatsapp.com/Kqgvxt2yVwsGGDcWAaC1sC","https://mun.rnsit.ac.in/hub?t=01SkYbQa94JmLc","/qrs/individual_delegates/IND-166_Mohamed_Akeef.png","Confirmed","Confirmed"
"IND-167","Individual","167","0","Mishti Sunil Parte","mishti.parte@gmail.com","9108197585","Dayananda Sagar College Of Engineering","Dayananda Sagar College Of Engineering","External","Individual","DISEC","Republic of Korea","Committee Room 204 • Civil Seminar Hall","https://chat.whatsapp.com/ChdeFdrcg0U88lUuaMLrI2","https://mun.rnsit.ac.in/hub?t=01SkYbQzEJu0dE","/qrs/individual_delegates/IND-167_Mishti_Sunil_Parte.png","Confirmed","Confirmed"
"IND-168","Individual","168","0","Yuktha Sai V Reddy","yukthasvr@gmail.com","9663123209","CMR institute of technology","CMR institute of technology","External","Individual","UNHRC","Dominican Republic","Committee Room 102 • Mech Seminar Hall","https://chat.whatsapp.com/Kqgvxt2yVwsGGDcWAaC1sC","https://mun.rnsit.ac.in/hub?t=01SkYbRM3yRT7t","/qrs/individual_delegates/IND-168_Yuktha_Sai_V_Reddy.png","Confirmed","Confirmed"
"IND-170","Individual","170","0","Lucky","lucky25ci@rnsit.ac.in","6350654085","RNS Institute of Technology","RNS Institute of Technology","Internal (RNSIT)","Individual","UNHRC","French Republic","Committee Room 102 • Mech Seminar Hall","https://chat.whatsapp.com/Kqgvxt2yVwsGGDcWAaC1sC","https://mun.rnsit.ac.in/hub?t=01SkYbS3NkOvbI","/qrs/individual_delegates/IND-170_Lucky.png","Confirmed","Confirmed"
"IND-171","Individual","171","0","Divyansh","divyansh25cs@rnsit.ac.in","8521745693","RNS Institute of Technology","RNS Institute of Technology","Internal (RNSIT)","Individual","Lok Sabha","Anurag Thakur","Central Plenary Hall • Chanakya Block","https://chat.whatsapp.com/BA9IXk3MU8c6oEH69noPf5","https://mun.rnsit.ac.in/hub?t=01SkYbSEUqkguu","/qrs/individual_delegates/IND-171_Divyansh.png","Confirmed","Confirmed"
"IND-172","Individual","172","0","Kshitij Bharadwaj","kshitijbharadwaj22@gmail.com","8660325364","RNS Institute of Technology","RNS Institute of Technology","Internal (RNSIT)","Individual","UNSC","Saudi Arabia","Council Chamber • MBA Seminar Hall (2nd Floor)","https://chat.whatsapp.com/LSB4bvcexqoK3JkmQyYqCx","https://mun.rnsit.ac.in/hub?t=01SkYbSVXmIQ75","/qrs/individual_delegates/IND-172_Kshitij_Bharadwaj.png","Confirmed","Confirmed"
"IND-174","Individual","174","0","Arundhati Nagendra","arundhati.nagendra08@gmail.com","7624824154","RNS Institute of Technology","RNS Institute of Technology","Internal (RNSIT)","Individual","DISEC","Portugal","Committee Room 204 • Civil Seminar Hall","https://chat.whatsapp.com/ChdeFdrcg0U88lUuaMLrI2","https://mun.rnsit.ac.in/hub?t=01SkYbTCsqNJEu","/qrs/individual_delegates/IND-174_Arundhati_Nagendra.png","Confirmed","Confirmed"
"IND-175","Individual","175","0","Shubhanga BG","shubhangabg1@gmail.com","6363984553","RNS Institute of Technology","RNS Institute of Technology","Internal (RNSIT)","Individual","UNODC","Australia","Committee Room 301 • ECE Seminar Hall","https://chat.whatsapp.com/IcgBAXEcbO8F9UCf0DiFJm","https://mun.rnsit.ac.in/hub?t=01SkYbTbpZ4Bsr","/qrs/individual_delegates/IND-175_Shubhanga_BG.png","Confirmed","Confirmed"
"IND-176","Individual","176","0","HARISH L JADHAV","harishlj001@gmail.com","9148015908","RNS Institute of Technology","RNS Institute of Technology","Internal (RNSIT)","Individual","DISEC","Italian Republic","Committee Room 204 • Civil Seminar Hall","https://chat.whatsapp.com/ChdeFdrcg0U88lUuaMLrI2","https://mun.rnsit.ac.in/hub?t=01SkYbTmT9ILWA","/qrs/individual_delegates/IND-176_HARISH_L_JADHAV.png","Confirmed","Confirmed"
"IND-177","Individual","177","0","Chahat Chhajer","chhajerchahat@gmail.com","9844192705","RNS Institute of Technology","RNS Institute of Technology","Internal (RNSIT)","Individual","UNODC","Spain","Committee Room 301 • ECE Seminar Hall","https://chat.whatsapp.com/IcgBAXEcbO8F9UCf0DiFJm","https://mun.rnsit.ac.in/hub?t=01SkYbTzrkqaap","/qrs/individual_delegates/IND-177_Chahat_Chhajer.png","Confirmed","Confirmed"
"IND-178","Individual","178","0","Vihaan passary","vihaan090307@gmail.com","8018024348","jain university CMS","jain university CMS","External","Individual","DISEC","Kingdom of Spain","Committee Room 204 • Civil Seminar Hall","https://chat.whatsapp.com/ChdeFdrcg0U88lUuaMLrI2","https://mun.rnsit.ac.in/hub?t=01SkYbUXbkying","/qrs/individual_delegates/IND-178_Vihaan_passary.png","Confirmed","Confirmed"
"IND-180","Individual","180","0","Nainika R","nainika.raghav@gmail.com","9880106968","RNS Institute of Technology","RNS Institute of Technology","Internal (RNSIT)","Individual","UNODC","Malta","Committee Room 301 • ECE Seminar Hall","https://chat.whatsapp.com/IcgBAXEcbO8F9UCf0DiFJm","https://mun.rnsit.ac.in/hub?t=01SkYbUzFSQQBv","/qrs/individual_delegates/IND-180_Nainika_R.png","Confirmed","Confirmed"
"IND-181","Individual","181","0","Pranati Pandit","panditpranati25@gmail.com","7483980549","RNS Institute of Technology","RNS Institute of Technology","Internal (RNSIT)","Individual","UNHRC","Brazil","Committee Room 102 • Mech Seminar Hall","https://chat.whatsapp.com/Kqgvxt2yVwsGGDcWAaC1sC","https://mun.rnsit.ac.in/hub?t=01SkYbVTtzD4ii","/qrs/individual_delegates/IND-181_Pranati_Pandit.png","Confirmed","Confirmed"
"IND-182","Individual","182","0","Sameeksha S","sameeksha1906@gmail.com","7975371688","Dayananda Sagar Academy of Technology And Management","Dayananda Sagar Academy of Technology And Management","External","Individual","DISEC","UK","Committee Room 204 • Civil Seminar Hall","https://chat.whatsapp.com/ChdeFdrcg0U88lUuaMLrI2","https://mun.rnsit.ac.in/hub?t=01SkYbVbyDMccN","/qrs/individual_delegates/IND-182_Sameeksha_S.png","Confirmed","Confirmed"
"IND-183","Individual","183","0","Shreyas DB","shreyasdbofficial@gmail.com","9844076677","DSCE","DSCE","External","Individual","DISEC","USA","Committee Room 204 • Civil Seminar Hall","https://chat.whatsapp.com/ChdeFdrcg0U88lUuaMLrI2","https://mun.rnsit.ac.in/hub?t=01SkYbVwnSOKQR","/qrs/individual_delegates/IND-183_Shreyas_DB.png","Confirmed","Confirmed"
"IND-184","Individual","184","0","ADITYA S","trazy.adi@gmail.com","9900374151","RNS Institute of Technology","RNS Institute of Technology","Internal (RNSIT)","Individual","DISEC","Saudi Arabia","Committee Room 204 • Civil Seminar Hall","https://chat.whatsapp.com/ChdeFdrcg0U88lUuaMLrI2","https://mun.rnsit.ac.in/hub?t=01SkYbWSs3Pks4","/qrs/individual_delegates/IND-184_ADITYA_S.png","Confirmed","Confirmed"
"IND-185","Individual","185","0","Shishira K S","shishirasubhash27@gmail.com","6360785295","BMS College of Law","BMS College of Law","External","Individual","IP","Press Trust of India","Press Bureau & Media Lab • Academic Block 1","https://chat.whatsapp.com/Id2vun9PhQhGlRFTQZKoZm","https://mun.rnsit.ac.in/hub?t=01SkYbWXSuEJso","/qrs/individual_delegates/IND-185_Shishira_K_S.png","Confirmed","Confirmed"
"IND-186","Individual","186","0","Aaditya Rao","aaditya05rao@gmail.com","9141054254","RVCE","RVCE","External","Individual","UNODC","UAE","Committee Room 301 • ECE Seminar Hall","https://chat.whatsapp.com/IcgBAXEcbO8F9UCf0DiFJm","https://mun.rnsit.ac.in/hub?t=01SkYbX56IF90V","/qrs/individual_delegates/IND-186_Aaditya_Rao.png","Confirmed","Confirmed"
"IND-190","Individual","190","0","Harshitha R","harshitha6100@gmail.com","7019281977","Dayanand Sagar Business Academy","Dayanand Sagar Business Academy","External","Individual","UNSC","Türkiye","Council Chamber • MBA Seminar Hall (2nd Floor)","https://chat.whatsapp.com/LSB4bvcexqoK3JkmQyYqCx","https://mun.rnsit.ac.in/hub?t=01SkYbYDECpHlh","/qrs/individual_delegates/IND-190_Harshitha_R.png","Confirmed","Confirmed"
"IND-191","Individual","191","0","Manasa S","manasa.s0906@gmail.com","9380164499","Dr. Ambedkar Insitiute Of Technology","Dr. Ambedkar Insitiute Of Technology","External","Individual","UNODC","Thailand","Committee Room 301 • ECE Seminar Hall","https://chat.whatsapp.com/IcgBAXEcbO8F9UCf0DiFJm","https://mun.rnsit.ac.in/hub?t=01SkYbYOPh2zOR","/qrs/individual_delegates/IND-191_Manasa_S.png","Confirmed","Confirmed"
"IND-193","Individual","193","0","Thanushree M","thanutina305@gmail.com","8317439658","Dayanand Sagar Business Academy","Dayanand Sagar Business Academy","External","Individual","IP","Associated Press (AP)","Press Bureau & Media Lab • Academic Block 1","https://chat.whatsapp.com/Id2vun9PhQhGlRFTQZKoZm","https://mun.rnsit.ac.in/hub?t=01SkYbZEZSiBTl","/qrs/individual_delegates/IND-193_Thanushree_M.png","Confirmed","Confirmed"
"IND-194","Individual","194","0","Joel Thomas","joelthomas22.2.2008@gmail.com","9346523811","Christ Uni","Christ Uni","External","Individual","UNHRC","United Kingdom of Great Britain and Northern Ireland","Committee Room 102 • Mech Seminar Hall","https://chat.whatsapp.com/Kqgvxt2yVwsGGDcWAaC1sC","https://mun.rnsit.ac.in/hub?t=01SkYbZSE6R2vG","/qrs/individual_delegates/IND-194_Joel_Thomas.png","Confirmed","Confirmed"
"IND-197","Individual","197","0","Maithreyi R","maithreyivasishtar19@gmail.com","9591887583","Dayanand Sagar Business Academy","Dayanand Sagar Business Academy","External","Individual","UNHRC","Ecuador","Committee Room 102 • Mech Seminar Hall","https://chat.whatsapp.com/Kqgvxt2yVwsGGDcWAaC1sC","https://mun.rnsit.ac.in/hub?t=01SkYbaKH8fg9S","/qrs/individual_delegates/IND-197_Maithreyi_R.png","Confirmed","Confirmed"
"IND-198","Individual","198","0","Melvin Josh m","melvinofficial90@gmail.com","9944154691","St Joseph's university","St Joseph's university","External","Individual","UNODC","France","Committee Room 301 • ECE Seminar Hall","https://chat.whatsapp.com/IcgBAXEcbO8F9UCf0DiFJm","https://mun.rnsit.ac.in/hub?t=01SkYbajATHpPg","/qrs/individual_delegates/IND-198_Melvin_Josh_m.png","Confirmed","Confirmed"
"IND-199","Individual","199","0","Anish g","ag4158380@gmail.com","8073459615","Dsce","Dsce","External","Individual","UNHRC","Kingdom of Thailand","Committee Room 102 • Mech Seminar Hall","https://chat.whatsapp.com/Kqgvxt2yVwsGGDcWAaC1sC","https://mun.rnsit.ac.in/hub?t=01SkYbasWL4xks","/qrs/individual_delegates/IND-199_Anish_g.png","Confirmed","Confirmed"
"IND-200","Individual","200","0","Rutwik V Desai","rutwik.desai@law.christuniversity.in","9019582559","Christ University","Christ University","External","Individual","UNSC","Russian Federation","Council Chamber • MBA Seminar Hall (2nd Floor)","https://chat.whatsapp.com/LSB4bvcexqoK3JkmQyYqCx","https://mun.rnsit.ac.in/hub?t=01SkYbbSgIQkfn","/qrs/individual_delegates/IND-200_Rutwik_V_Desai.png","Confirmed","Confirmed"
"IND-201","Individual","201","0","Aditya Nagendra","adityanagendra2305@gmail.com","8792026732","Alliance Uni","Alliance Uni","External","Individual","UNODC","State of Qatar","Committee Room 301 • ECE Seminar Hall","https://chat.whatsapp.com/IcgBAXEcbO8F9UCf0DiFJm","https://mun.rnsit.ac.in/hub?t=01SkYbbkoDbpwB","/qrs/individual_delegates/IND-201_Aditya_Nagendra.png","Confirmed","Confirmed"
"IND-203","Individual","203","0","Adithya Krishna Menon","adithyakrishna3108@gmail.com","6366024754","School of Law, Christ","School of Law, Christ","External","Individual","UNSC","China","Council Chamber • MBA Seminar Hall (2nd Floor)","https://chat.whatsapp.com/LSB4bvcexqoK3JkmQyYqCx","https://mun.rnsit.ac.in/hub?t=01SkYbc77t5wO1","/qrs/individual_delegates/IND-203_Adithya_Krishna_Menon.png","Confirmed","Confirmed"
"IND-205","Individual","205","0","Manvika Sharma","manvika081005@gmail.com","9591160043","CMR University","CMR University","External","Individual","UNSC","UK","Council Chamber • MBA Seminar Hall (2nd Floor)","https://chat.whatsapp.com/LSB4bvcexqoK3JkmQyYqCx","https://mun.rnsit.ac.in/hub?t=01SkYbcmFXLTJ9","/qrs/individual_delegates/IND-205_Manvika_Sharma.png","Confirmed","Confirmed"
"IND-206","Individual","206","0","Rishub Tulasiram","rishubt477@gmail.com","9380141548","BMS College Of Law","BMS College Of Law","External","Individual","Lok Sabha","Amit Shah","Central Plenary Hall • Chanakya Block","https://chat.whatsapp.com/BA9IXk3MU8c6oEH69noPf5","https://mun.rnsit.ac.in/hub?t=01SkYbdLHoI4iC","/qrs/individual_delegates/IND-206_Rishub_Tulasiram.png","Confirmed","Confirmed"
"IND-207","Individual","207","0","Akshat Nandi","akshatnanday@gmail.com","7209433479","Dayananda Sagar College Of Engineering, Kumaraswamy Layout","Dayananda Sagar College Of Engineering, Kumaraswamy Layout","External","Individual","Lok Sabha","Kiren Rijiju","Central Plenary Hall • Chanakya Block","https://chat.whatsapp.com/BA9IXk3MU8c6oEH69noPf5","https://mun.rnsit.ac.in/hub?t=01SkYbdUcrUyoI","/qrs/individual_delegates/IND-207_Akshat_Nandi.png","Confirmed","Confirmed"
"DEL-47-01","Delegation Member","47","0","Aadya Mittal (Head of Delegation)","aadyamittal6@gmail.com","8726865555","CMS","CMS Business School","External","CMS","UNHRC","Iceland","Committee Room 102 • Mech Seminar Hall","https://chat.whatsapp.com/Kqgvxt2yVwsGGDcWAaC1sC","https://mun.rnsit.ac.in/hub?t=02vV7BQMHQV54C&m=0","/qrs/CMS/DEL-47-01_Aadya_Mittal__Head_of_Delegation_.png","Confirmed","Confirmed"
"DEL-47-02","Delegation Member","47","1","Chirag Shiyal","chirag_shiyal2024@cms.ac.in","9845187919","CMS","CMS Business School","External","CMS","Lok Sabha","Narendra Modi","Central Plenary Hall • Chanakya Block","https://chat.whatsapp.com/BA9IXk3MU8c6oEH69noPf5","https://mun.rnsit.ac.in/hub?t=02vV7BQMHQV54C&m=1","/qrs/CMS/DEL-47-02_Chirag_Shiyal.png","Confirmed","Confirmed"
"DEL-47-03","Delegation Member","47","2","Chavi","chavi.1763@gmail.com","8550000630","CMS","CMS Business School","External","CMS","Lok Sabha","Kanimozhi Karunanidhi","Central Plenary Hall • Chanakya Block","https://chat.whatsapp.com/BA9IXk3MU8c6oEH69noPf5","https://mun.rnsit.ac.in/hub?t=02vV7BQMHQV54C&m=2","/qrs/CMS/DEL-47-03_Chavi.png","Confirmed","Confirmed"
"DEL-47-04","Delegation Member","47","3","Areeb umar","umarareeb2@gmail.com","7428463945","CMS","CMS Business School","External","CMS","Lok Sabha","Nitin Gadkari","Central Plenary Hall • Chanakya Block","https://chat.whatsapp.com/BA9IXk3MU8c6oEH69noPf5","https://mun.rnsit.ac.in/hub?t=02vV7BQMHQV54C&m=3","/qrs/CMS/DEL-47-04_Areeb_umar.png","Confirmed","Confirmed"
"DEL-47-05","Delegation Member","47","4","Vaibhav Raj Deota","vaibhavdeota@gmail.com","7489744953","CMS","CMS Business School","External","CMS","Lok Sabha","Rajnath Singh","Central Plenary Hall • Chanakya Block","https://chat.whatsapp.com/BA9IXk3MU8c6oEH69noPf5","https://mun.rnsit.ac.in/hub?t=02vV7BQMHQV54C&m=4","/qrs/CMS/DEL-47-05_Vaibhav_Raj_Deota.png","Confirmed","Confirmed"
"DEL-47-06","Delegation Member","47","5","R Jainav Bohra","jainav1029@gmail.com","8884222990","CMS","CMS Business School","External","CMS","Lok Sabha","Rahul Gandhi","Central Plenary Hall • Chanakya Block","https://chat.whatsapp.com/BA9IXk3MU8c6oEH69noPf5","https://mun.rnsit.ac.in/hub?t=02vV7BQMHQV54C&m=5","/qrs/CMS/DEL-47-06_R_Jainav_Bohra.png","Confirmed","Confirmed"
"DEL-47-07","Delegation Member","47","6","Ronith","khantedronith@gmail.com","9945473052","CMS","CMS Business School","External","CMS","UNSC","DRC","Council Chamber • MBA Seminar Hall (2nd Floor)","https://chat.whatsapp.com/LSB4bvcexqoK3JkmQyYqCx","https://mun.rnsit.ac.in/hub?t=02vV7BQMHQV54C&m=6","/qrs/CMS/DEL-47-07_Ronith.png","Confirmed","Confirmed"
"DEL-47-08","Delegation Member","47","7","Manas Kulkarni","mannuk2307@gmail.com","9148028207","CMS","CMS Business School","External","CMS","UNSC","France","Council Chamber • MBA Seminar Hall (2nd Floor)","https://chat.whatsapp.com/LSB4bvcexqoK3JkmQyYqCx","https://mun.rnsit.ac.in/hub?t=02vV7BQMHQV54C&m=7","/qrs/CMS/DEL-47-08_Manas_Kulkarni.png","Confirmed","Confirmed"
"DEL-47-09","Delegation Member","47","8","Naman Nagori","nagorinaman07@gmail.com","9019347460","CMS","CMS Business School","External","CMS","UNODC","Canada","Committee Room 301 • ECE Seminar Hall","https://chat.whatsapp.com/IcgBAXEcbO8F9UCf0DiFJm","https://mun.rnsit.ac.in/hub?t=02vV7BQMHQV54C&m=8","/qrs/CMS/DEL-47-09_Naman_Nagori.png","Confirmed","Confirmed"
"DEL-47-10","Delegation Member","47","9","Manushri","naveen.manushri@gmail.com","7483868601","CMS","CMS Business School","External","CMS","UNODC","Swiss Confederation","Committee Room 301 • ECE Seminar Hall","https://chat.whatsapp.com/IcgBAXEcbO8F9UCf0DiFJm","https://mun.rnsit.ac.in/hub?t=02vV7BQMHQV54C&m=9","/qrs/CMS/DEL-47-10_Manushri.png","Confirmed","Confirmed"
"DEL-47-11","Delegation Member","47","10","Joshitha Reddy Katterapalli","joshithar869@gmail.com","9849325956","CMS","CMS Business School","External","CMS","UNODC","Malaysia","Committee Room 301 • ECE Seminar Hall","https://chat.whatsapp.com/IcgBAXEcbO8F9UCf0DiFJm","https://mun.rnsit.ac.in/hub?t=02vV7BQMHQV54C&m=10","/qrs/CMS/DEL-47-11_Joshitha_Reddy_Katterapalli.png","Confirmed","Confirmed"
"DEL-47-12","Delegation Member","47","11","Simar","simar.25001505@jainuniversity.ac.in","90272 73632","CMS","CMS Business School","External","CMS","UNODC","Singapore","Committee Room 301 • ECE Seminar Hall","https://chat.whatsapp.com/IcgBAXEcbO8F9UCf0DiFJm","https://mun.rnsit.ac.in/hub?t=02vV7BQMHQV54C&m=11","/qrs/CMS/DEL-47-12_Simar.png","Confirmed","Confirmed"
"DEL-47-13","Delegation Member","47","12","Sheik Adnaan Ibrahim","001adnaan@gmail.com","99868 70364","CMS","CMS Business School","External","CMS","UNODC","Cambodia","Committee Room 301 • ECE Seminar Hall","https://chat.whatsapp.com/IcgBAXEcbO8F9UCf0DiFJm","https://mun.rnsit.ac.in/hub?t=02vV7BQMHQV54C&m=12","/qrs/CMS/DEL-47-13_Sheik_Adnaan_Ibrahim.png","Confirmed","Confirmed"
"DEL-47-14","Delegation Member","47","13","Sayyam Sakaria Jain","sayyamsakaria1512@gmail.com","9019598910","CMS","CMS Business School","External","CMS","DISEC","France","Committee Room 204 • Civil Seminar Hall","https://chat.whatsapp.com/ChdeFdrcg0U88lUuaMLrI2","https://mun.rnsit.ac.in/hub?t=02vV7BQMHQV54C&m=13","/qrs/CMS/DEL-47-14_Sayyam_Sakaria_Jain.png","Confirmed","Confirmed"
"DEL-47-15","Delegation Member","47","14","Syed Taqi Mohammed","syedtaqimohammed971@gmail.com","8088923302","CMS","CMS Business School","External","CMS","DISEC","Japan","Committee Room 204 • Civil Seminar Hall","https://chat.whatsapp.com/ChdeFdrcg0U88lUuaMLrI2","https://mun.rnsit.ac.in/hub?t=02vV7BQMHQV54C&m=14","/qrs/CMS/DEL-47-15_Syed_Taqi_Mohammed.png","Confirmed","Confirmed"
"DEL-47-16","Delegation Member","47","15","Geethanjali","geethanjalivijay8@gmail.com","7619263677","CMS","CMS Business School","External","CMS","IP","BBC","Press Bureau & Media Lab • Academic Block 1","https://chat.whatsapp.com/Id2vun9PhQhGlRFTQZKoZm","https://mun.rnsit.ac.in/hub?t=02vV7BQMHQV54C&m=15","/qrs/CMS/DEL-47-16_Geethanjali.png","Confirmed","Confirmed"
"DEL-47-17","Delegation Member","47","16","Latika Mittal","latikamittal2@gmail.com","7017864336","CMS","CMS Business School","External","CMS","UNHRC","Netherlands","Committee Room 102 • Mech Seminar Hall","https://chat.whatsapp.com/Kqgvxt2yVwsGGDcWAaC1sC","https://mun.rnsit.ac.in/hub?t=02vV7BQMHQV54C&m=16","/qrs/CMS/DEL-47-17_Latika_Mittal.png","Confirmed","Confirmed"
"DEL-47-18","Delegation Member","47","17","Taher","taherbharmal910@gmail.com","9916673136","CMS","CMS Business School","External","CMS","UNHRC","Albania","Committee Room 102 • Mech Seminar Hall","https://chat.whatsapp.com/Kqgvxt2yVwsGGDcWAaC1sC","https://mun.rnsit.ac.in/hub?t=02vV7BQMHQV54C&m=17","/qrs/CMS/DEL-47-18_Taher.png","Confirmed","Confirmed"
"DEL-47-19","Delegation Member","47","18","Anish Bose","anishbose281107@gmail.com","9181014766","CMS","CMS Business School","External","CMS","UNHRC","Indonesia","Committee Room 102 • Mech Seminar Hall","https://chat.whatsapp.com/Kqgvxt2yVwsGGDcWAaC1sC","https://mun.rnsit.ac.in/hub?t=02vV7BQMHQV54C&m=18","/qrs/CMS/DEL-47-19_Anish_Bose.png","Confirmed","Confirmed"
"DEL-47-20","Delegation Member","47","19","Aakash Satheesh","aakashsatheesh123@gmail.com","9353823108","CMS","CMS Business School","External","CMS","UNHRC","Czech Republic","Committee Room 102 • Mech Seminar Hall","https://chat.whatsapp.com/Kqgvxt2yVwsGGDcWAaC1sC","https://mun.rnsit.ac.in/hub?t=02vV7BQMHQV54C&m=19","/qrs/CMS/DEL-47-20_Aakash_Satheesh.png","Confirmed","Confirmed"
"DEL-47-21","Delegation Member","47","20","Arnav Malhan","arnavmalhan18@gmail.com","9915480663","CMS","CMS Business School","External","CMS","UNHRC","Qatar","Committee Room 102 • Mech Seminar Hall","https://chat.whatsapp.com/Kqgvxt2yVwsGGDcWAaC1sC","https://mun.rnsit.ac.in/hub?t=02vV7BQMHQV54C&m=20","/qrs/CMS/DEL-47-21_Arnav_Malhan.png","Confirmed","Confirmed"
"DEL-47-22","Delegation Member","47","21","Himanshi Jain","jainhimanshi0809@gmail.com","8807557131","CMS","CMS Business School","External","CMS","UNHRC","Republic of South Africa","Committee Room 102 • Mech Seminar Hall","https://chat.whatsapp.com/Kqgvxt2yVwsGGDcWAaC1sC","https://mun.rnsit.ac.in/hub?t=02vV7BQMHQV54C&m=21","/qrs/CMS/DEL-47-22_Himanshi_Jain.png","Confirmed","Confirmed"
"DEL-47-23","Delegation Member","47","22","Vaishnavi Kaki","vaishnavi.kaki1306@gmail.com","7899532719","CMS","CMS Business School","External","CMS","UNHRC","Swiss Confederation","Committee Room 102 • Mech Seminar Hall","https://chat.whatsapp.com/Kqgvxt2yVwsGGDcWAaC1sC","https://mun.rnsit.ac.in/hub?t=02vV7BQMHQV54C&m=22","/qrs/CMS/DEL-47-23_Vaishnavi_Kaki.png","Confirmed","Confirmed"
"DEL-47-24","Delegation Member","47","23","Divij Dudani","divijdudani12@gmail.com","88153 10416","CMS","CMS Business School","External","CMS","UNSC","Arab Republic of Egypt","Council Chamber • MBA Seminar Hall (2nd Floor)","https://chat.whatsapp.com/LSB4bvcexqoK3JkmQyYqCx","https://mun.rnsit.ac.in/hub?t=02vV7BQMHQV54C&m=23","/qrs/CMS/DEL-47-24_Divij_Dudani.png","Confirmed","Confirmed"
"DEL-67-01","Delegation Member","67","0","Mridusha Chetry (Head of Delegation)","misathapa25@gmail.com","7501057300","Alliance delegation","Alliance University","External","Alliance delegation","IP","Reuters","Press Bureau & Media Lab • Academic Block 1","https://chat.whatsapp.com/Id2vun9PhQhGlRFTQZKoZm","https://mun.rnsit.ac.in/hub?t=02vV7BWYCbOTYS&m=0","/qrs/Alliance_delegation/DEL-67-01_Mridusha_Chetry__Head_of_Delegation_.png","Confirmed","Confirmed"
"DEL-67-02","Delegation Member","67","1","Mohammad Nezal Arshad","arshadnezal070@gmail.com","9939578431","Alliance delegation","Alliance University","External","Alliance delegation","Lok Sabha","G Kishan Reddy","Central Plenary Hall • Chanakya Block","https://chat.whatsapp.com/BA9IXk3MU8c6oEH69noPf5","https://mun.rnsit.ac.in/hub?t=02vV7BWYCbOTYS&m=1","/qrs/Alliance_delegation/DEL-67-02_Mohammad_Nezal_Arshad.png","Confirmed","Confirmed"
"DEL-67-03","Delegation Member","67","2","Yashti R Surti","yashtisurti211@gmail.com","9537533559","Alliance delegation","Alliance University","External","Alliance delegation","Lok Sabha","Brijmohan Agarwal","Central Plenary Hall • Chanakya Block","https://chat.whatsapp.com/BA9IXk3MU8c6oEH69noPf5","https://mun.rnsit.ac.in/hub?t=02vV7BWYCbOTYS&m=2","/qrs/Alliance_delegation/DEL-67-03_Yashti_R_Surti.png","Confirmed","Confirmed"
"DEL-67-04","Delegation Member","67","3","R.Joel Shalom","joelshalompillai@gmail.com","9849035124","Alliance delegation","Alliance University","External","Alliance delegation","UNODC","India","Committee Room 301 • ECE Seminar Hall","https://chat.whatsapp.com/IcgBAXEcbO8F9UCf0DiFJm","https://mun.rnsit.ac.in/hub?t=02vV7BWYCbOTYS&m=3","/qrs/Alliance_delegation/DEL-67-04_R_Joel_Shalom.png","Confirmed","Confirmed"
"DEL-67-05","Delegation Member","67","4","Sukrithi kallurmath","sukrithi.kallurmath08@gmail.com","9910126118","Alliance delegation","Alliance University","External","Alliance delegation","Lok Sabha","Mahua Moitra","Central Plenary Hall • Chanakya Block","https://chat.whatsapp.com/BA9IXk3MU8c6oEH69noPf5","https://mun.rnsit.ac.in/hub?t=02vV7BWYCbOTYS&m=4","/qrs/Alliance_delegation/DEL-67-05_Sukrithi_kallurmath.png","Confirmed","Confirmed"
"DEL-67-06","Delegation Member","67","5","Shravya s","shravya.sen25@gmail.com","7899271118","Alliance delegation","Alliance University","External","Alliance delegation","UNODC","Bhutan","Committee Room 301 • ECE Seminar Hall","https://chat.whatsapp.com/IcgBAXEcbO8F9UCf0DiFJm","https://mun.rnsit.ac.in/hub?t=02vV7BWYCbOTYS&m=5","/qrs/Alliance_delegation/DEL-67-06_Shravya_s.png","Confirmed","Confirmed"
"DEL-67-07","Delegation Member","67","6","Pranesh AS","hppaperproducts@gmail.com","8778052930","Alliance delegation","Alliance University","External","Alliance delegation","UNSC","Ethiopia","Council Chamber • MBA Seminar Hall (2nd Floor)","https://chat.whatsapp.com/LSB4bvcexqoK3JkmQyYqCx","https://mun.rnsit.ac.in/hub?t=02vV7BWYCbOTYS&m=6","/qrs/Alliance_delegation/DEL-67-07_Pranesh_AS.png","Confirmed","Confirmed"
"DEL-67-08","Delegation Member","67","7","Danda Shanyuth","shanyuthdanda@gmail.com","9246408888","Alliance delegation","Alliance University","External","Alliance delegation","UNODC","Japan","Committee Room 301 • ECE Seminar Hall","https://chat.whatsapp.com/IcgBAXEcbO8F9UCf0DiFJm","https://mun.rnsit.ac.in/hub?t=02vV7BWYCbOTYS&m=7","/qrs/Alliance_delegation/DEL-67-08_Danda_Shanyuth.png","Confirmed","Confirmed"
"DEL-67-09","Delegation Member","67","8","Hansiga devendra","jghansiga@gmail.com","7710019635","Alliance delegation","Alliance University","External","Alliance delegation","UNODC","Myanmar","Committee Room 301 • ECE Seminar Hall","https://chat.whatsapp.com/IcgBAXEcbO8F9UCf0DiFJm","https://mun.rnsit.ac.in/hub?t=02vV7BWYCbOTYS&m=8","/qrs/Alliance_delegation/DEL-67-09_Hansiga_devendra.png","Confirmed","Confirmed"
"DEL-67-10","Delegation Member","67","9","Prithvi KF","prithvifattepur@gmail.com","9901254158","Alliance delegation","Alliance University","External","Alliance delegation","Lok Sabha","Manish Tewari","Central Plenary Hall • Chanakya Block","https://chat.whatsapp.com/BA9IXk3MU8c6oEH69noPf5","https://mun.rnsit.ac.in/hub?t=02vV7BWYCbOTYS&m=9","/qrs/Alliance_delegation/DEL-67-10_Prithvi_KF.png","Confirmed","Confirmed"
"DEL-67-11","Delegation Member","67","10","Vishal Manjunath","vishal.manjunath1234@gmail.com","9538204486","Alliance delegation","Alliance University","External","Alliance delegation","Lok Sabha","Surendra Prasad Yadav","Central Plenary Hall • Chanakya Block","https://chat.whatsapp.com/BA9IXk3MU8c6oEH69noPf5","https://mun.rnsit.ac.in/hub?t=02vV7BWYCbOTYS&m=10","/qrs/Alliance_delegation/DEL-67-11_Vishal_Manjunath.png","Confirmed","Confirmed"
"DEL-67-12","Delegation Member","67","11","Keerthan Kariappa O L","myselfolkk@gmail.com","9148287586","Alliance delegation","Alliance University","External","Alliance delegation","Lok Sabha","Arvind Sawant","Central Plenary Hall • Chanakya Block","https://chat.whatsapp.com/BA9IXk3MU8c6oEH69noPf5","https://mun.rnsit.ac.in/hub?t=02vV7BWYCbOTYS&m=11","/qrs/Alliance_delegation/DEL-67-12_Keerthan_Kariappa_O_L.png","Confirmed","Confirmed"
"DEL-67-13","Delegation Member","67","12","Adrito Jasu","adritojasu04122007@gmail.com","9007013077","Alliance delegation","Alliance University","External","Alliance delegation","UNHRC","Ghana","Committee Room 102 • Mech Seminar Hall","https://chat.whatsapp.com/Kqgvxt2yVwsGGDcWAaC1sC","https://mun.rnsit.ac.in/hub?t=02vV7BWYCbOTYS&m=12","/qrs/Alliance_delegation/DEL-67-13_Adrito_Jasu.png","Confirmed","Confirmed"
"DEL-67-14","Delegation Member","67","13","Devang","devangdhoka123@gmail.com","6360914486","Alliance delegation","Alliance University","External","Alliance delegation","UNHRC","Mexico","Committee Room 102 • Mech Seminar Hall","https://chat.whatsapp.com/Kqgvxt2yVwsGGDcWAaC1sC","https://mun.rnsit.ac.in/hub?t=02vV7BWYCbOTYS&m=13","/qrs/Alliance_delegation/DEL-67-14_Devang.png","Confirmed","Confirmed"
"DEL-67-15","Delegation Member","67","14","Muhammed Salman","salmanmain77@gmail.com","9744303911","Alliance delegation","Alliance University","External","Alliance delegation","UNSC","Denmark","Council Chamber • MBA Seminar Hall (2nd Floor)","https://chat.whatsapp.com/LSB4bvcexqoK3JkmQyYqCx","https://mun.rnsit.ac.in/hub?t=02vV7BWYCbOTYS&m=14","/qrs/Alliance_delegation/DEL-67-15_Muhammed_Salman.png","Confirmed","Confirmed"
"DEL-67-16","Delegation Member","67","15","Kushaal S Patil","kushaalp12@gmail.com","8867800574","Alliance delegation","Alliance University","External","Alliance delegation","UNSC","Iraq","Council Chamber • MBA Seminar Hall (2nd Floor)","https://chat.whatsapp.com/LSB4bvcexqoK3JkmQyYqCx","https://mun.rnsit.ac.in/hub?t=02vV7BWYCbOTYS&m=15","/qrs/Alliance_delegation/DEL-67-16_Kushaal_S_Patil.png","Confirmed","Confirmed"
"DEL-67-17","Delegation Member","67","16","Madhura Meenakshi Tanikella","meenakshi.tanikella@gmail.com","8309624491","Alliance delegation","Alliance University","External","Alliance delegation","UNHRC","Kuwait","Committee Room 102 • Mech Seminar Hall","https://chat.whatsapp.com/Kqgvxt2yVwsGGDcWAaC1sC","https://mun.rnsit.ac.in/hub?t=02vV7BWYCbOTYS&m=16","/qrs/Alliance_delegation/DEL-67-17_Madhura_Meenakshi_Tanikella.png","Confirmed","Confirmed"
"DEL-67-18","Delegation Member","67","17","Prachurya Roy","prachurya9532@gmail.com","8597143313","Alliance delegation","Alliance University","External","Alliance delegation","DISEC","Finland","Committee Room 204 • Civil Seminar Hall","https://chat.whatsapp.com/ChdeFdrcg0U88lUuaMLrI2","https://mun.rnsit.ac.in/hub?t=02vV7BWYCbOTYS&m=17","/qrs/Alliance_delegation/DEL-67-18_Prachurya_Roy.png","Confirmed","Confirmed"
"DEL-95-01","Delegation Member","95","0","Munaf Mansoor Ahmed (Head of Delegation)","syedmunafpatel1072@gmail.com","7619407813","MCU MUN Society","MCU MUN Society","External","MCU MUN Society","Lok Sabha","Asaduddin Owaisi","Central Plenary Hall • Chanakya Block","https://chat.whatsapp.com/BA9IXk3MU8c6oEH69noPf5","https://mun.rnsit.ac.in/hub?t=02vV7Bf7hE7bPu&m=0","/qrs/MCU_MUN_Society/DEL-95-01_Munaf_Mansoor_Ahmed__Head_of_Delegation_.png","Confirmed","Confirmed"
"DEL-95-02","Delegation Member","95","1","Ayesha Amanat","ayeshamanat.400@gmail.com","7004088229","MCU MUN Society","MCU MUN Society","External","MCU MUN Society","UNHRC","Israel","Committee Room 102 • Mech Seminar Hall","https://chat.whatsapp.com/Kqgvxt2yVwsGGDcWAaC1sC","https://mun.rnsit.ac.in/hub?t=02vV7Bf7hE7bPu&m=1","/qrs/MCU_MUN_Society/DEL-95-02_Ayesha_Amanat.png","Confirmed","Confirmed"
"DEL-95-03","Delegation Member","95","2","Rashmitha K","rashmithakonidela@gmail.com","9036676046","MCU MUN Society","MCU MUN Society","External","MCU MUN Society","UNODC","Türkiye","Committee Room 301 • ECE Seminar Hall","https://chat.whatsapp.com/IcgBAXEcbO8F9UCf0DiFJm","https://mun.rnsit.ac.in/hub?t=02vV7Bf7hE7bPu&m=2","/qrs/MCU_MUN_Society/DEL-95-03_Rashmitha_K.png","Confirmed","Confirmed"
"DEL-95-04","Delegation Member","95","3","Reina Dutta Patwari","reinaduttapatwari@gmail.com","7099004330","MCU MUN Society","MCU MUN Society","External","MCU MUN Society","UNODC","Nigeria","Committee Room 301 • ECE Seminar Hall","https://chat.whatsapp.com/IcgBAXEcbO8F9UCf0DiFJm","https://mun.rnsit.ac.in/hub?t=02vV7Bf7hE7bPu&m=3","/qrs/MCU_MUN_Society/DEL-95-04_Reina_Dutta_Patwari.png","Confirmed","Confirmed"
"DEL-95-05","Delegation Member","95","4","Srishti L Prasad","srisht30prasad@gmail.com","8884883700","MCU MUN Society","MCU MUN Society","External","MCU MUN Society","DISEC","Netherlands","Committee Room 204 • Civil Seminar Hall","https://chat.whatsapp.com/ChdeFdrcg0U88lUuaMLrI2","https://mun.rnsit.ac.in/hub?t=02vV7Bf7hE7bPu&m=4","/qrs/MCU_MUN_Society/DEL-95-05_Srishti_L_Prasad.png","Confirmed","Confirmed"
"DEL-95-06","Delegation Member","95","5","Preeti P Nagpal","preetipnagpal@gmail.com","8050218540","MCU MUN Society","MCU MUN Society","External","MCU MUN Society","UNODC","Korea","Committee Room 301 • ECE Seminar Hall","https://chat.whatsapp.com/IcgBAXEcbO8F9UCf0DiFJm","https://mun.rnsit.ac.in/hub?t=02vV7Bf7hE7bPu&m=5","/qrs/MCU_MUN_Society/DEL-95-06_Preeti_P_Nagpal.png","Confirmed","Confirmed"
"DEL-95-07","Delegation Member","95","6","Maria Japhia","hiy.japhia@gmail.com","88842 59355","MCU MUN Society","MCU MUN Society","External","MCU MUN Society","UNHRC","Gambia","Committee Room 102 • Mech Seminar Hall","https://chat.whatsapp.com/Kqgvxt2yVwsGGDcWAaC1sC","https://mun.rnsit.ac.in/hub?t=02vV7Bf7hE7bPu&m=6","/qrs/MCU_MUN_Society/DEL-95-07_Maria_Japhia.png","Confirmed","Confirmed"
"DEL-95-08","Delegation Member","95","7","Tiara Holly Ireland","tiaraireland1995@gmail.com","78925 86841","MCU MUN Society","MCU MUN Society","External","MCU MUN Society","UNHRC","Colombia","Committee Room 102 • Mech Seminar Hall","https://chat.whatsapp.com/Kqgvxt2yVwsGGDcWAaC1sC","https://mun.rnsit.ac.in/hub?t=02vV7Bf7hE7bPu&m=7","/qrs/MCU_MUN_Society/DEL-95-08_Tiara_Holly_Ireland.png","Confirmed","Confirmed"
"DEL-95-09","Delegation Member","95","8","Haasini","haasini.p2007@gmail.com","9108737223","MCU MUN Society","MCU MUN Society","External","MCU MUN Society","UNSC","Hellenic Republic","Council Chamber • MBA Seminar Hall (2nd Floor)","https://chat.whatsapp.com/LSB4bvcexqoK3JkmQyYqCx","https://mun.rnsit.ac.in/hub?t=02vV7Bf7hE7bPu&m=8","/qrs/MCU_MUN_Society/DEL-95-09_Haasini.png","Confirmed","Confirmed"
"DEL-95-10","Delegation Member","95","9","Supriya S H","supriya24sulegai@gmail.com","9686303663","MCU MUN Society","MCU MUN Society","External","MCU MUN Society","UNODC","Poland","Committee Room 301 • ECE Seminar Hall","https://chat.whatsapp.com/IcgBAXEcbO8F9UCf0DiFJm","https://mun.rnsit.ac.in/hub?t=02vV7Bf7hE7bPu&m=9","/qrs/MCU_MUN_Society/DEL-95-10_Supriya_S_H.png","Confirmed","Confirmed"
"DEL-95-11","Delegation Member","95","10","Tannu kumari","tannukumaritannu95@gmail.com","9229893618","MCU MUN Society","MCU MUN Society","External","MCU MUN Society","Lok Sabha","Akhilesh Yadav","Central Plenary Hall • Chanakya Block","https://chat.whatsapp.com/BA9IXk3MU8c6oEH69noPf5","https://mun.rnsit.ac.in/hub?t=02vV7Bf7hE7bPu&m=10","/qrs/MCU_MUN_Society/DEL-95-11_Tannu_kumari.png","Confirmed","Confirmed"
"DEL-95-12","Delegation Member","95","11","Dhruti P Mehta","dhrutimehtap15@gmail.com","8660328043","MCU MUN Society","MCU MUN Society","External","MCU MUN Society","DISEC","Sweden","Committee Room 204 • Civil Seminar Hall","https://chat.whatsapp.com/ChdeFdrcg0U88lUuaMLrI2","https://mun.rnsit.ac.in/hub?t=02vV7Bf7hE7bPu&m=11","/qrs/MCU_MUN_Society/DEL-95-12_Dhruti_P_Mehta.png","Confirmed","Confirmed"
"DEL-95-13","Delegation Member","95","12","Eesith Anand","Aaxxfhussn112@gmail.com","7899980007","MCU MUN Society","MCU MUN Society","External","MCU MUN Society","DISEC","Belgium","Committee Room 204 • Civil Seminar Hall","https://chat.whatsapp.com/ChdeFdrcg0U88lUuaMLrI2","https://mun.rnsit.ac.in/hub?t=02vV7Bf7hE7bPu&m=12","/qrs/MCU_MUN_Society/DEL-95-13_Eesith_Anand.png","Confirmed","Confirmed"
"DEL-95-14","Delegation Member","95","13","Mohammad Affan","Aaxxfhussn112@gmail.com","7899980007","MCU MUN Society","MCU MUN Society","External","MCU MUN Society","IP","Times Of India","Press Bureau & Media Lab • Academic Block 1","https://chat.whatsapp.com/Id2vun9PhQhGlRFTQZKoZm","https://mun.rnsit.ac.in/hub?t=02vV7Bf7hE7bPu&m=13","/qrs/MCU_MUN_Society/DEL-95-14_Mohammad_Affan.png","Confirmed","Confirmed"
"DEL-95-15","Delegation Member","95","14","Nischal Agarwal","nischalagarwal53@gmail.com","8653531423","MCU MUN Society","MCU MUN Society","External","MCU MUN Society","Lok Sabha","Karti Chidambaram","Central Plenary Hall • Chanakya Block","https://chat.whatsapp.com/BA9IXk3MU8c6oEH69noPf5","https://mun.rnsit.ac.in/hub?t=02vV7Bf7hE7bPu&m=14","/qrs/MCU_MUN_Society/DEL-95-15_Nischal_Agarwal.png","Confirmed","Confirmed"
"DEL-95-16","Delegation Member","95","15","Aathif Hussain","aaxxfhussn112@gmail.com","7899980007","MCU MUN Society","MCU MUN Society","External","MCU MUN Society","Lok Sabha","Priyanka Gandhi Vadra (INC)","Central Plenary Hall • Chanakya Block","https://chat.whatsapp.com/BA9IXk3MU8c6oEH69noPf5","https://mun.rnsit.ac.in/hub?t=02vV7Bf7hE7bPu&m=15","/qrs/MCU_MUN_Society/DEL-95-16_Aathif_Hussain.png","Confirmed","Confirmed"
"DEL-96-01","Delegation Member","96","0","Saakshi Mohanty (Head of Delegation)","saakshi.mohanty@gmail.com","8660473698","EC casino royale","EC casino royale","External","EC casino royale","IP","Xinhua News Agency","Press Bureau & Media Lab • Academic Block 1","https://chat.whatsapp.com/Id2vun9PhQhGlRFTQZKoZm","https://mun.rnsit.ac.in/hub?t=02vV7BfavUNSY1&m=0","/qrs/EC_casino_royale/DEL-96-01_Saakshi_Mohanty__Head_of_Delegation_.png","Confirmed","Confirmed"
"DEL-96-02","Delegation Member","96","1","Yash Tadi","yashtadi17046@gmail.com","7016553540","EC casino royale","EC casino royale","External","EC casino royale","UNSC","Somalia","Council Chamber • MBA Seminar Hall (2nd Floor)","https://chat.whatsapp.com/LSB4bvcexqoK3JkmQyYqCx","https://mun.rnsit.ac.in/hub?t=02vV7BfavUNSY1&m=1","/qrs/EC_casino_royale/DEL-96-02_Yash_Tadi.png","Confirmed","Confirmed"
"DEL-96-03","Delegation Member","96","2","Eshanaa Gangamma","eshanaagangamma@gmail.com","9148029623","EC casino royale","EC casino royale","External","EC casino royale","DISEC","India","Committee Room 204 • Civil Seminar Hall","https://chat.whatsapp.com/ChdeFdrcg0U88lUuaMLrI2","https://mun.rnsit.ac.in/hub?t=02vV7BfavUNSY1&m=2","/qrs/EC_casino_royale/DEL-96-03_Eshanaa_Gangamma.png","Confirmed","Confirmed"
"DEL-96-04","Delegation Member","96","3","Atreya B Deshpande","atreyabdeshpande@gmail.com","8050031005","EC casino royale","EC casino royale","External","EC casino royale","UNHRC","USA","Committee Room 102 • Mech Seminar Hall","https://chat.whatsapp.com/Kqgvxt2yVwsGGDcWAaC1sC","https://mun.rnsit.ac.in/hub?t=02vV7BfavUNSY1&m=3","/qrs/EC_casino_royale/DEL-96-04_Atreya_B_Deshpande.png","Confirmed","Confirmed"
"DEL-96-05","Delegation Member","96","4","Saisree Vaishnavi","saisreevaishnavi07@gmail.com","9972346513","EC casino royale","EC casino royale","External","EC casino royale","IP","Deutsche Welle (DW)","Press Bureau & Media Lab • Academic Block 1","https://chat.whatsapp.com/Id2vun9PhQhGlRFTQZKoZm","https://mun.rnsit.ac.in/hub?t=02vV7BfavUNSY1&m=4","/qrs/EC_casino_royale/DEL-96-05_Saisree_Vaishnavi.png","Confirmed","Confirmed"
"DEL-96-06","Delegation Member","96","5","Abhay Anish Abraham","abhayanish007@gmail.com","9611969808","EC casino royale","EC casino royale","External","EC casino royale","UNHRC","Cyprus","Committee Room 102 • Mech Seminar Hall","https://chat.whatsapp.com/Kqgvxt2yVwsGGDcWAaC1sC","https://mun.rnsit.ac.in/hub?t=02vV7BfavUNSY1&m=5","/qrs/EC_casino_royale/DEL-96-06_Abhay_Anish_Abraham.png","Confirmed","Confirmed"
"DEL-96-07","Delegation Member","96","6","Ron Jais","ronjaisck@gmail.com","9148892550","EC casino royale","EC casino royale","External","EC casino royale","UNHRC","Republic of Turkiye","Committee Room 102 • Mech Seminar Hall","https://chat.whatsapp.com/Kqgvxt2yVwsGGDcWAaC1sC","https://mun.rnsit.ac.in/hub?t=02vV7BfavUNSY1&m=6","/qrs/EC_casino_royale/DEL-96-07_Ron_Jais.png","Confirmed","Confirmed"
"DEL-96-08","Delegation Member","96","7","Shloka Shetty","shlokashetty947@gmail.com","7391829537","EC casino royale","EC casino royale","External","EC casino royale","DISEC","Canada","Committee Room 204 • Civil Seminar Hall","https://chat.whatsapp.com/ChdeFdrcg0U88lUuaMLrI2","https://mun.rnsit.ac.in/hub?t=02vV7BfavUNSY1&m=7","/qrs/EC_casino_royale/DEL-96-08_Shloka_Shetty.png","Confirmed","Confirmed"
"DEL-96-09","Delegation Member","96","8","Parnika","parnikahallalli@gmail.com","7996339319","EC casino royale","EC casino royale","External","EC casino royale","UNODC","Indonesia","Committee Room 301 • ECE Seminar Hall","https://chat.whatsapp.com/IcgBAXEcbO8F9UCf0DiFJm","https://mun.rnsit.ac.in/hub?t=02vV7BfavUNSY1&m=8","/qrs/EC_casino_royale/DEL-96-09_Parnika.png","Confirmed","Confirmed"
"DEL-96-10","Delegation Member","96","9","Pratham","pratkavi2006@gmail.com","9535947221","EC casino royale","EC casino royale","External","EC casino royale","UNODC","China","Committee Room 301 • ECE Seminar Hall","https://chat.whatsapp.com/IcgBAXEcbO8F9UCf0DiFJm","https://mun.rnsit.ac.in/hub?t=02vV7BfavUNSY1&m=9","/qrs/EC_casino_royale/DEL-96-10_Pratham.png","Confirmed","Confirmed"
"DEL-96-11","Delegation Member","96","10","Aditya.R","adityar.pes@gmail.com","8792213129","EC casino royale","EC casino royale","External","EC casino royale","DISEC","Swiss Confederation","Committee Room 204 • Civil Seminar Hall","https://chat.whatsapp.com/ChdeFdrcg0U88lUuaMLrI2","https://mun.rnsit.ac.in/hub?t=02vV7BfavUNSY1&m=10","/qrs/EC_casino_royale/DEL-96-11_Aditya_R.png","Confirmed","Confirmed"
"DEL-96-12","Delegation Member","96","11","Aaron G Sunil","aarongsunil19@gmail.com","9148709221","EC casino royale","EC casino royale","External","EC casino royale","UNSC","Republic of the Sudan","Council Chamber • MBA Seminar Hall (2nd Floor)","https://chat.whatsapp.com/LSB4bvcexqoK3JkmQyYqCx","https://mun.rnsit.ac.in/hub?t=02vV7BfavUNSY1&m=11","/qrs/EC_casino_royale/DEL-96-12_Aaron_G_Sunil.png","Confirmed","Confirmed"
"DEL-96-13","Delegation Member","96","12","Neil Verma","neilv13579@gmail.com","8310759535","EC casino royale","EC casino royale","External","EC casino royale","Lok Sabha","Pralhad Joshi","Central Plenary Hall • Chanakya Block","https://chat.whatsapp.com/BA9IXk3MU8c6oEH69noPf5","https://mun.rnsit.ac.in/hub?t=02vV7BfavUNSY1&m=12","/qrs/EC_casino_royale/DEL-96-13_Neil_Verma.png","Confirmed","Confirmed"
"DEL-97-01","Delegation Member","97","0","Arpit Ashok Gawas (Head of Delegation)","arpitgawas2005@gmail.com","8484992445","KLE","KLE Society","external","KLE","Assigned Matrix","Assigned Delegate","Main Plenary Hall • Academic Block 2","https://chat.whatsapp.com/G5y1o155s6y9017","https://mun.rnsit.ac.in/hub?t=02vV7BfzadDgYg&m=0","/qrs/KLE/DEL-97-01_Arpit_Ashok_Gawas__Head_of_Delegation_.png","Confirmed","Draft Sheet Created"
"DEL-99-01","Delegation Member","99","0","Harini Krishna (Head of Delegation)","harinikrishna2086@gmail.com","9535042017","jyothy Institute Of Technology","jyothy Institute Of Technology","external","jyothy Institute Of Technology","Assigned Matrix","Assigned Delegate","Main Plenary Hall • Academic Block 2","https://chat.whatsapp.com/G5y1o155s6y9017","https://mun.rnsit.ac.in/hub?t=02vV7BgbUm2BAk&m=0","/qrs/jyothy_Institute_Of_Technology/DEL-99-01_Harini_Krishna__Head_of_Delegation_.png","Confirmed","Draft Sheet Created"
"DEL-100-01","Delegation Member","100","0","Anant Mishra (Head of Delegation)","anant.mitblr2025@learner.manipal.edu","7303754765","Potentià - MITB","Manipal Institute of Technology Bengaluru","External","Potentià - MITB","Lok Sabha","Shashi Tharoor","Central Plenary Hall • Chanakya Block","https://chat.whatsapp.com/BA9IXk3MU8c6oEH69noPf5","https://mun.rnsit.ac.in/hub?t=02vV7Bgu2oXH76&m=0","/qrs/Potenti__-_MITB/DEL-100-01_Anant_Mishra__Head_of_Delegation_.png","Confirmed","Confirmed"
"DEL-100-02","Delegation Member","100","1","Angelyn Vijay","angelyn.mitblr2026@learner.manipal.edu","8870979973","Potentià - MITB","Manipal Institute of Technology Bengaluru","External","Potentià - MITB","UNSC","Panama","Council Chamber • MBA Seminar Hall (2nd Floor)","https://chat.whatsapp.com/LSB4bvcexqoK3JkmQyYqCx","https://mun.rnsit.ac.in/hub?t=02vV7Bgu2oXH76&m=1","/qrs/Potenti__-_MITB/DEL-100-02_Angelyn_Vijay.png","Confirmed","Confirmed"
"DEL-100-03","Delegation Member","100","2","Ayan Dutta","ayan.mitblr2026@learner.manipal.edu","8584010910","Potentià - MITB","Manipal Institute of Technology Bengaluru","External","Potentià - MITB","DISEC","Republic of Turkiye","Committee Room 204 • Civil Seminar Hall","https://chat.whatsapp.com/ChdeFdrcg0U88lUuaMLrI2","https://mun.rnsit.ac.in/hub?t=02vV7Bgu2oXH76&m=2","/qrs/Potenti__-_MITB/DEL-100-03_Ayan_Dutta.png","Confirmed","Confirmed"
"DEL-100-04","Delegation Member","100","3","Syed Hussain Haider","syed3.mitblr2026@learner.manipal.edu","9580388801","Potentià - MITB","Manipal Institute of Technology Bengaluru","External","Potentià - MITB","IP","Al Jazeera","Press Bureau & Media Lab • Academic Block 1","https://chat.whatsapp.com/Id2vun9PhQhGlRFTQZKoZm","https://mun.rnsit.ac.in/hub?t=02vV7Bgu2oXH76&m=3","/qrs/Potenti__-_MITB/DEL-100-04_Syed_Hussain_Haider.png","Confirmed","Confirmed"
"DEL-100-05","Delegation Member","100","4","Sachi Patil","sachi.mitblr2026@learner.manipal.edu","8217490618","Potentià - MITB","Manipal Institute of Technology Bengaluru","External","Potentià - MITB","UNSC","Republic of Colombia","Council Chamber • MBA Seminar Hall (2nd Floor)","https://chat.whatsapp.com/LSB4bvcexqoK3JkmQyYqCx","https://mun.rnsit.ac.in/hub?t=02vV7Bgu2oXH76&m=4","/qrs/Potenti__-_MITB/DEL-100-05_Sachi_Patil.png","Confirmed","Confirmed"
"DEL-100-06","Delegation Member","100","5","Atharv Pandey","atharv.mitblr2026@learner.manipal.edu","8178977195","Potentià - MITB","Manipal Institute of Technology Bengaluru","External","Potentià - MITB","UNODC","Kingdom of Saudi Arabia","Committee Room 301 • ECE Seminar Hall","https://chat.whatsapp.com/IcgBAXEcbO8F9UCf0DiFJm","https://mun.rnsit.ac.in/hub?t=02vV7Bgu2oXH76&m=5","/qrs/Potenti__-_MITB/DEL-100-06_Atharv_Pandey.png","Confirmed","Confirmed"
"DEL-100-07","Delegation Member","100","6","Naveen Shiju","naveen.mitblr2026@learner.manipal.edu","7736074904","Potentià - MITB","Manipal Institute of Technology Bengaluru","External","Potentià - MITB","UNHRC","Arab Republic of Egypt","Committee Room 102 • Mech Seminar Hall","https://chat.whatsapp.com/Kqgvxt2yVwsGGDcWAaC1sC","https://mun.rnsit.ac.in/hub?t=02vV7Bgu2oXH76&m=6","/qrs/Potenti__-_MITB/DEL-100-07_Naveen_Shiju.png","Confirmed","Confirmed"
"DEL-100-08","Delegation Member","100","7","Saket Yavagal","saket.mitblr2026@learner.manipal.edu","9900093419","Potentià - MITB","Manipal Institute of Technology Bengaluru","External","Potentià - MITB","UNSC","Kingdom of Bahrain","Council Chamber • MBA Seminar Hall (2nd Floor)","https://chat.whatsapp.com/LSB4bvcexqoK3JkmQyYqCx","https://mun.rnsit.ac.in/hub?t=02vV7Bgu2oXH76&m=7","/qrs/Potenti__-_MITB/DEL-100-08_Saket_Yavagal.png","Confirmed","Confirmed"
"DEL-100-09","Delegation Member","100","8","Varnika Chaudhary","varnika.mitblr2026@learner.manipal.edu","9082196736","Potentià - MITB","Manipal Institute of Technology Bengaluru","External","Potentià - MITB","UNSC","Republic of Latvia","Council Chamber • MBA Seminar Hall (2nd Floor)","https://chat.whatsapp.com/LSB4bvcexqoK3JkmQyYqCx","https://mun.rnsit.ac.in/hub?t=02vV7Bgu2oXH76&m=8","/qrs/Potenti__-_MITB/DEL-100-09_Varnika_Chaudhary.png","Confirmed","Confirmed"
"DEL-100-10","Delegation Member","100","9","Karthik SR Samudrala","srinivas.mitblr2026@learner.manipal.edu","9227032008 (Whatsapp - 9573525520)","Potentià - MITB","Manipal Institute of Technology Bengaluru","External","Potentià - MITB","Lok Sabha","Dimple Yadav","Central Plenary Hall • Chanakya Block","https://chat.whatsapp.com/BA9IXk3MU8c6oEH69noPf5","https://mun.rnsit.ac.in/hub?t=02vV7Bgu2oXH76&m=9","/qrs/Potenti__-_MITB/DEL-100-10_Karthik_SR_Samudrala.png","Confirmed","Confirmed"
"DEL-100-11","Delegation Member","100","10","Pramitha Moodbidri","pramitha.mitblr2026@learner.manipal.edu","9606802064","Potentià - MITB","Manipal Institute of Technology Bengaluru","External","Potentià - MITB","DISEC","Iran","Committee Room 204 • Civil Seminar Hall","https://chat.whatsapp.com/ChdeFdrcg0U88lUuaMLrI2","https://mun.rnsit.ac.in/hub?t=02vV7Bgu2oXH76&m=10","/qrs/Potenti__-_MITB/DEL-100-11_Pramitha_Moodbidri.png","Confirmed","Confirmed"
"DEL-100-12","Delegation Member","100","11","Medhasri Reddy R","medhasri.mitblr2026@learner.manipal.edu","9986181720","Potentià - MITB","Manipal Institute of Technology Bengaluru","External","Potentià - MITB","IP","The New York Times","Press Bureau & Media Lab • Academic Block 1","https://chat.whatsapp.com/Id2vun9PhQhGlRFTQZKoZm","https://mun.rnsit.ac.in/hub?t=02vV7Bgu2oXH76&m=11","/qrs/Potenti__-_MITB/DEL-100-12_Medhasri_Reddy_R.png","Confirmed","Confirmed"
"DEL-100-13","Delegation Member","100","12","Yash Jaiswal","yash6.mitblr2025@learner.manipal.edu","9830140014","Potentià - MITB","Manipal Institute of Technology Bengaluru","External","Potentià - MITB","IP","ANI","Press Bureau & Media Lab • Academic Block 1","https://chat.whatsapp.com/Id2vun9PhQhGlRFTQZKoZm","https://mun.rnsit.ac.in/hub?t=02vV7Bgu2oXH76&m=12","/qrs/Potenti__-_MITB/DEL-100-13_Yash_Jaiswal.png","Confirmed","Confirmed"
"DEL-100-14","Delegation Member","100","13","Sai Akul Jallipalli","saiakuljallipalli.mitblr2026@learner.manipal.edu","8884779879","Potentià - MITB","Manipal Institute of Technology Bengaluru","External","Potentià - MITB","DISEC","South Africa","Committee Room 204 • Civil Seminar Hall","https://chat.whatsapp.com/ChdeFdrcg0U88lUuaMLrI2","https://mun.rnsit.ac.in/hub?t=02vV7Bgu2oXH76&m=13","/qrs/Potenti__-_MITB/DEL-100-14_Sai_Akul_Jallipalli.png","Confirmed","Confirmed"
"DEL-100-15","Delegation Member","100","14","Shivani Thapa","shivani.mitblr2026@learner.manipal.edu","8287045579","Potentià - MITB","Manipal Institute of Technology Bengaluru","External","Potentià - MITB","UNHRC","Palestine","Committee Room 102 • Mech Seminar Hall","https://chat.whatsapp.com/Kqgvxt2yVwsGGDcWAaC1sC","https://mun.rnsit.ac.in/hub?t=02vV7Bgu2oXH76&m=14","/qrs/Potenti__-_MITB/DEL-100-15_Shivani_Thapa.png","Confirmed","Confirmed"
"DEL-100-16","Delegation Member","100","15","Tanmay Jain","tanmay.mitblr2026@learner.manipal.edu","8240541566","Potentià - MITB","Manipal Institute of Technology Bengaluru","External","Potentià - MITB","UNHRC","Ukraine","Committee Room 102 • Mech Seminar Hall","https://chat.whatsapp.com/Kqgvxt2yVwsGGDcWAaC1sC","https://mun.rnsit.ac.in/hub?t=02vV7Bgu2oXH76&m=15","/qrs/Potenti__-_MITB/DEL-100-16_Tanmay_Jain.png","Confirmed","Confirmed"
"DEL-100-17","Delegation Member","100","16","Nandini Naredi","nandini2.mitblr2026@learner.manipal.edu","6200255905","Potentià - MITB","Manipal Institute of Technology Bengaluru","External","Potentià - MITB","Lok Sabha","K C Venugopal","Central Plenary Hall • Chanakya Block","https://chat.whatsapp.com/BA9IXk3MU8c6oEH69noPf5","https://mun.rnsit.ac.in/hub?t=02vV7Bgu2oXH76&m=16","/qrs/Potenti__-_MITB/DEL-100-17_Nandini_Naredi.png","Confirmed","Confirmed"
"DEL-100-18","Delegation Member","100","17","Zayaan Husain Azad","zayaan.mitblr2026@learner.manipal.edu","7709724661","Potentià - MITB","Manipal Institute of Technology Bengaluru","External","Potentià - MITB","UNSC","Islamic Republic of Pakistan","Council Chamber • MBA Seminar Hall (2nd Floor)","https://chat.whatsapp.com/LSB4bvcexqoK3JkmQyYqCx","https://mun.rnsit.ac.in/hub?t=02vV7Bgu2oXH76&m=17","/qrs/Potenti__-_MITB/DEL-100-18_Zayaan_Husain_Azad.png","Confirmed","Confirmed"
